{"service":12,"combine":{"round":13,"darkness":{"flame":642203002,"transportation":1.744311945e+37,"beside":1069373769,"front":"act","zero":14,"religious":"determine"},"began":2.667814431e+29,"desk":["kek",-1504424320]},"men":14,"sail":"steady","see":2114701056,"largest":1.144609883e+33}